{"cameraMode":{"drawMode":0,"name":"Shaded","section":"Shading Mode"},"sceneLighting":true,"audioPlay":false,"sceneViewState":{"showFog":true,"showMaterialUpdate":true,"showSkybox":true,"showFlares":true,"showImageEffects":true,"showParticleSystems":true},"in2DMode":false,"pivot":{"x":-11.000605583190918,"y":5.3229193687438969,"z":-8.362935066223145},"rotation":{"x":-0.4228183627128601,"y":-0.21383097767829896,"z":0.10341916978359223,"w":-0.8746361136436462},"size":7.062055587768555,"orthographic":false}